,Classifier,Accuracy Train,Accuracy Dev,Accuracy Test,Weighted F1 Train,Weighted F1 Dev,Weighted F1 Test,Macro F1 Train,Macro F1 Dev,Macro F1 Test,Micro F1 Train,Micro F1 Dev,Micro F1 Test,Weighted Recall Train,Weighted Recall Dev,Weighted Recall Test,Macro Recall Train,Macro Recall Dev,Macro Recall Test,Micro Recall Train,Micro Recall Dev,Micro Recall Test
0,Nearest_Centroid,0.4797030137949213,0.4899753781217024,0.476458186929023,0.58324706649406,0.587636651838157,0.578347878638288,0.2873411759497155,0.298099463266436,0.2879356445414067,0.4797030137949213,0.4899753781217024,0.476458186929023,0.4797030137949213,0.4899753781217024,0.476458186929023,0.56366796449903,0.732966211007563,0.513001842567596,0.4797030137949213,0.4899753781217024,0.476458186929023
1,Nearest_Centroid,0.624066426500307,0.621526556454449,0.628952916373858,0.707448690212133,0.701200016743895,0.710755058674038,0.347225205077163,0.3519732298526571,0.3512662415323945,0.624066426500307,0.621526556454449,0.628952916373858,0.624066426500307,0.621526556454449,0.628952916373858,0.598171464566407,0.616052347369465,0.566383511162531,0.624066426500307,0.621526556454449,0.628952916373858
2,Nearest_Centroid,0.660091380370793,0.663032008441786,0.665495432185523,0.735980259957445,0.73409498524151,0.739373782333573,0.364259889091892,0.372972671218218,0.3751173421043169,0.660091380370793,0.663032008441786,0.665495432185523,0.660091380370793,0.663032008441786,0.665495432185523,0.598037156217076,0.633554579870095,0.602643698847323,0.660091380370793,0.663032008441786,0.665495432185523
3,Nearest_Centroid,0.773086723486512,0.758353851565247,0.761419536191145,0.820498204144297,0.80726396004471,0.811931490671866,0.4252983942277314,0.412113283953907,0.409228964384672,0.773086723486512,0.75835385156524,0.761419536191145,0.773086723486512,0.758353851565247,0.761419536191145,0.739304795650118,0.484648695990657,0.4869978146291296,0.773086723486512,0.758353851565247,0.761419536191145
4,Nearest_Centroid,0.755601440998154,0.753077734787196,0.748418833450456,0.81207521443425,0.80774322758896,0.805750870256687,0.4304278890405579,0.4297049190106587,0.422886906136752,0.755601440998154,0.753077734787196,0.748418833450456,0.755601440998154,0.753077734787196,0.748418833450456,0.784056690879009,0.666771136247414,0.62334353173072,0.755601440998154,0.753077734787196,0.748418833450456
5,Nearest_Centroid,0.751076355329057,0.74815335912768,0.74525650035137,0.80930043916779,0.804693921267369,0.803786681546965,0.4286652275005951,0.4275494140457536,0.422254182190079,0.751076355329057,0.74815335912768,0.74525650035137,0.751076355329057,0.74815335912768,0.74525650035137,0.78194274596609,0.6638588677978,0.6221865706817,0.751076355329057,0.74815335912768,0.74525650035137
6,Nearest_Centroid,0.742509445567173,0.746394653534998,0.737174982431482,0.806413724014182,0.806380059860112,0.802172927116418,0.4314677892088269,0.435068583043139,0.4305963070796605,0.742509445567173,0.746394653534998,0.737174982431482,0.742509445567173,0.746394653534998,0.737174982431482,0.749158900317809,0.509822048710492,0.62163945665681,0.742509445567173,0.746394653534998,0.737174982431482
7,Nearest_Centroid,0.736798172392584,0.739008090045726,0.734012649332396,0.802719184636784,0.8016282153956,0.800190205482837,0.4296819713685735,0.4329688125070007,0.429407127004775,0.736798172392584,0.739008090045726,0.734012649332396,0.736798172392584,0.739008090045726,0.734012649332396,0.74676565701344,0.506001515047435,0.61927771350216,0.736798172392584,0.739008090045726,0.734012649332396
8,K_Medoids,0.3905632194007556,0.393950052761167,0.388264230498945,0.522352745092211,0.51954562338349,0.519951734653047,0.2329911175615859,0.2414958010924975,0.230815073377927,0.3905632194007556,0.393950052761167,0.388264230498945,0.3905632194007556,0.393950052761167,0.388264230498945,0.299933629000805,0.252704760378265,0.344595106483266,0.3905632194007556,0.393950052761167,0.388264230498945
9,K_Medoids,0.3015112907477374,0.311994372142103,0.302178496134926,0.410933300877326,0.420006354252981,0.40877878762507,0.1895235701285441,0.1981389348327087,0.1920423294442128,0.3015112907477374,0.311994372142103,0.302178496134926,0.3015112907477374,0.311994372142103,0.302178496134926,0.2862810920773603,0.4098284409131,0.252718344260187,0.3015112907477374,0.311994372142103,0.302178496134926
10,K_Medoids,0.370749494771988,0.381990854730918,0.371398453970484,0.4973847573797588,0.505666366822111,0.4996959205148339,0.2388933009662707,0.249230244039709,0.2399358776279626,0.370749494771988,0.381990854730918,0.371398453970484,0.370749494771988,0.381990854730918,0.371398453970484,0.3583553302614836,0.44222355154595,0.265995115053348,0.370749494771988,0.381990854730918,0.371398453970484
11,K_Medoids,0.0861962920657235,0.0956735842419978,0.0878425860857343,0.01368040163670519,0.0167083241822301,0.01418646416113281,0.0529040608315806,0.0582129481005885,0.05383290267011197,0.0861962920657235,0.0956735842419978,0.0878425860857343,0.0861962920657235,0.0956735842419978,0.0878425860857343,0.333333333333333,0.333333333333333,0.333333333333333,0.0861962920657235,0.0956735842419978,0.0878425860857343
12,K_Medoids,0.3164484667428169,0.3130495954977136,0.296556570625439,0.4478218234625208,0.4411428644209434,0.4287609568769472,0.1829811784878416,0.186754278755031,0.1723110334780354,0.3164484667428169,0.3130495954977136,0.296556570625439,0.3164484667428169,0.3130495954977136,0.296556570625439,0.257138927630652,0.3389947259557774,0.1494598277413549,0.3164484667428169,0.3130495954977136,0.296556570625439
13,K_Medoids,0.1644846674281697,0.16918747801618,0.1549543218552354,0.2145918240638594,0.2165369089180893,0.2050484022410354,0.1238708088379742,0.1288116142827799,0.116789993394704,0.1644846674281697,0.16918747801618,0.1549543218552354,0.1644846674281697,0.1691874780161801,0.1549543218552354,0.312209199833813,0.400978579442676,0.216927111453914,0.1644846674281697,0.16918747801618,0.1549543218552354
14,K_Medoids,0.42751076355329,0.41751670770313,0.4205903021784961,0.551241403933506,0.53815314543458,0.54469201486806,0.249236585373449,0.242320259831345,0.246283093557884,0.4275107635532906,0.41751670770313,0.4205903021784961,0.42751076355329,0.41751670770313,0.4205903021784961,0.398545772489719,0.2351004434471336,0.2454392595449286,0.42751076355329,0.41751670770313,0.4205903021784961
15,K_Medoids,0.2389069501801247,0.241646148434752,0.244905130007027,0.352242068174256,0.350700849475718,0.3558893798326917,0.1923619902810731,0.2001079219653704,0.1984351742911194,0.2389069501801247,0.241646148434752,0.244905130007027,0.2389069501801247,0.241646148434752,0.244905130007027,0.4071404676676131,0.37292062601607,0.430838753910099,0.2389069501801247,0.241646148434752,0.244905130007027
16,Perceptron,0.913232580616817,0.905029897995075,0.913211524947294,0.874435110176054,0.861933428237724,0.874433292012703,0.3300430793974506,0.328675572305751,0.336261304017466,0.913232580616817,0.905029897995075,0.913211524947294,0.913232580616817,0.905029897995075,0.913211524947294,0.339016390836814,0.339331032140376,0.342538115439002,0.913232580616817,0.905029897995075,0.913211524947294
17,Perceptron,0.912837184781653,0.903622933520928,0.911103302881236,0.871241664005199,0.8578741005969,0.868722509421234,0.3181442351860358,0.3164572554816457,0.3178280321137464,0.912837184781653,0.903622933520928,0.911103302881236,0.912837184781653,0.903622933520928,0.911103302881236,0.333333333333333,0.333333333333333,0.333333333333333,0.912837184781653,0.903622933520928,0.911103302881236
18,Perceptron,0.912617520428784,0.903271192402391,0.911103302881236,0.87113204729386,0.857698648413137,0.868722509421234,0.318104207342751,0.3163925337275919,0.3178280321137464,0.912617520428784,0.903271192402391,0.911103302881236,0.912617520428784,0.903271192402391,0.911103302881236,0.3332531202874835,0.3332035811599844,0.333333333333333,0.912617520428784,0.903271192402391,0.911103302881236
19,Perceptron,0.926017045953782,0.906085121350685,0.911454673225579,0.921181801428625,0.900657208343371,0.906291394390694,0.49568702415813,0.4662619240804018,0.462589357680994,0.926017045953782,0.906085121350685,0.911454673225579,0.926017045953782,0.906085121350685,0.911454673225579,0.4814403513892475,0.449294090933376,0.4443018382825556,0.926017045953782,0.906085121350685,0.911454673225579
20,Perceptron,0.916922941745013,0.907492085824832,0.916725228390723,0.88222504263617,0.868841775347091,0.88561380788291,0.354202969688991,0.3493789905429543,0.373489950611414,0.916922941745013,0.907492085824832,0.916725228390723,0.916922941745013,0.907492085824832,0.916725228390723,0.351902874217407,0.3501009395583846,0.3631001414063504,0.916922941745013,0.907492085824832,0.916725228390723
21,Perceptron,0.922150953343291,0.912416461484347,0.92234715390021,0.89834454741341,0.885869735265621,0.901400365328368,0.407791556362481,0.4024201542311216,0.42449902205357,0.922150953343291,0.912416461484347,0.92234715390021,0.922150953343291,0.912416461484347,0.92234715390021,0.3850439121045558,0.382598134621696,0.3976860779020439,0.922150953343291,0.912416461484347,0.92234715390021
22,Perceptron,0.928037958000175,0.921561730566303,0.924455375966268,0.92159641995461,0.914665350707337,0.920375849357491,0.4906213132502628,0.49194636422706,0.496102762468763,0.928037958000175,0.921561730566303,0.924455375966268,0.928037958000175,0.921561730566303,0.924455375966268,0.46827365531782,0.4703435188789411,0.480382568453528,0.928037958000175,0.921561730566303,0.924455375966268
23,Perceptron,0.892100869870837,0.879352796341892,0.890372452565003,0.902202706068887,0.889465908697466,0.901837113761219,0.539364776228624,0.476244358233176,0.49070403753349,0.892100869870837,0.879352796341892,0.890372452565003,0.892100869870837,0.879352796341892,0.890372452565003,0.598369216372909,0.50736868316809,0.535380897287569,0.892100869870837,0.879352796341892,0.890372452565003
24,Linear_Discriminant_Analysis,0.907916703277392,0.89869855786141,0.908292340126493,0.87403885727097,0.862484546272749,0.872009118335984,0.364590386195501,0.3403096584957,0.3862256702976924,0.907916703277392,0.89869855786141,0.908292340126493,0.907916703277392,0.89869855786141,0.908292340126493,0.4172143074669653,0.343569921156473,0.45172095813515,0.907916703277392,0.89869855786141,0.908292340126493
25,Linear_Discriminant_Analysis,0.912661453299358,0.907140344706296,0.9100491918482,0.893478194876218,0.888762672842226,0.88872019435775,0.501047264503007,0.4217226996003093,0.5623809652351,0.912661453299358,0.907140344706296,0.9100491918482,0.912661453299358,0.907140344706296,0.9100491918482,0.493065690341213,0.40037513643059,0.4909167416548827,0.912661453299358,0.907140344706296,0.9100491918482
26,Linear_Discriminant_Analysis,0.912793251911079,0.9110094970102,0.906535488404778,0.894806894575631,0.893469526244,0.88702633937301,0.53175671276294,0.432306891863515,0.507303780581361,0.912793251911079,0.9110094970102,0.906535488404778,0.912793251911079,0.9110094970102,0.906535488404778,0.512403296226782,0.408376838473809,0.4920407935895787,0.912793251911079,0.9110094970102,0.906535488404778
27,Linear_Discriminant_Analysis,0.924962657060012,0.909602532536053,0.909346451159522,0.92406939473245,0.909184712194452,0.90964873147793,0.552258694826376,0.4914723089687864,0.482752589380446,0.924962657060012,0.909602532536053,0.909346451159522,0.924962657060012,0.909602532536053,0.909346451159522,0.686220363866356,0.474697849166914,0.4724453014526288,0.924962657060012,0.909602532536053,0.909346451159522
28,Linear_Discriminant_Analysis,0.925314120024602,0.917692578262398,0.918833450456781,0.920955651508091,0.911987225217264,0.91424970267889,0.652234783737658,0.4889047597791962,0.565245724458007,0.925314120024602,0.917692578262398,0.918833450456781,0.925314120024602,0.917692578262398,0.918833450456781,0.657520399201128,0.471107721017562,0.577260487637656,0.925314120024602,0.917692578262398,0.918833450456781
29,Linear_Discriminant_Analysis,0.922941745013619,0.913823425958494,0.918833450456781,0.91778388483019,0.907864577821562,0.913427685676479,0.59769348155178,0.48040826939404,0.479635778330268,0.922941745013619,0.913823425958494,0.918833450456781,0.922941745013619,0.913823425958494,0.918833450456781,0.602939669647487,0.462010280951617,0.463868363542871,0.922941745013619,0.913823425958494,0.918833450456781
30,Linear_Discriminant_Analysis,0.932958439504437,0.925782623988744,0.931482782853127,0.93091555044396,0.922452503904896,0.927858656079817,0.73489134658205,0.513489338046069,0.513281075781864,0.932958439504437,0.925782623988744,0.931482782853127,0.932958439504437,0.925782623988744,0.931482782853127,0.734180861209184,0.500389733550095,0.4986157603805116,0.932958439504437,0.925782623988744,0.931482782853127
31,Linear_Discriminant_Analysis,0.928521219576487,0.920506507210692,0.927266338721011,0.925948185849523,0.916077698161091,0.923979181692151,0.634545929305227,0.4991628701354972,0.505815253420622,0.928521219576487,0.920506507210692,0.927266338721011,0.928521219576487,0.920506507210692,0.927266338721011,0.631439634667731,0.484198856654378,0.4922540172258645,0.928521219576487,0.920506507210692,0.927266338721011
32,Random_Forests,0.996177840260082,0.91206472036581,0.917779339423752,0.996037721830412,0.881664561013637,0.890244400790447,0.853141245725827,0.387878715993152,0.3896544370766778,0.996177840260082,0.91206472036581,0.917779339423752,0.996177840260082,0.91206472036581,0.917779339423752,0.791842766302785,0.3726067402437814,0.3731240519346959,0.996177840260082,0.91206472036581,0.917779339423752
33,Random_Forests,0.997188296283279,0.91593387266971,0.916725228390723,0.997166919462572,0.88752809634726,0.887165613308641,0.951707935726863,0.402611511677958,0.3795305402132019,0.997188296283279,0.91593387266971,0.916725228390723,0.997188296283279,0.91593387266971,0.916725228390723,0.916834123943619,0.381704180309726,0.3667144877233577,0.997188296283279,0.91593387266971,0.916725228390723
34,Random_Forests,0.997100430542131,0.915230390432641,0.917779339423752,0.9970862172253,0.887882253432088,0.889312680565315,0.951552519423291,0.4050358733112228,0.3860185185185185,0.997100430542131,0.915230390432641,0.917779339423752,0.997100430542131,0.915230390432641,0.917779339423752,0.918494411342792,0.383636152008487,0.3707144877233577,0.997100430542131,0.915230390432641,0.917779339423752
35,Random_Forests,0.986908004569018,0.91206472036581,0.915319747013352,0.986126176432533,0.879257101560963,0.88419967736038,0.69444673251273,0.379247374942933,0.3704855058301535,0.986908004569018,0.91206472036581,0.915319747013352,0.986908004569018,0.91206472036581,0.915319747013352,0.649892832070346,0.367128050130133,0.3613811543900244,0.986908004569018,0.91206472036581,0.915319747013352
36,Random_Forests,0.996221773130656,0.916989096025325,0.923049894588896,0.996131264671,0.892791043413588,0.901110344508956,0.894702396642355,0.4198142607828471,0.422650880322504,0.996221773130656,0.916989096025325,0.923049894588896,0.996221773130656,0.916989096025325,0.923049894588896,0.836188262146027,0.394146555079797,0.3955336161460341,0.996221773130656,0.916989096025325,0.923049894588896
37,Random_Forests,0.996485370354098,0.916989096025325,0.923401264933239,0.996443351709336,0.892018076960921,0.90137412659332,0.950132634804854,0.417028352573222,0.4230473014311592,0.996485370354098,0.916989096025325,0.923401264933239,0.996485370354098,0.916989096025325,0.923401264933239,0.911654176400498,0.391955079034338,0.395662167373698,0.996485370354098,0.916989096025325,0.923401264933239
38,Random_Forests,0.98914858096828,0.918396060499472,0.927969079409697,0.988724768450807,0.8964252369056,0.910007909217749,0.821477846071353,0.43059938161045,0.4486357356578602,0.98914858096828,0.918396060499472,0.927969079409697,0.98914858096828,0.918396060499472,0.927969079409697,0.748908739086688,0.402335729932299,0.4154050649183,0.98914858096828,0.918396060499472,0.927969079409697
39,Random_Forests,0.994112995343115,0.914878649314104,0.924455375966268,0.993919437013074,0.888048847333866,0.902827401356834,0.848543514742536,0.40621252474178,0.42684256623256,0.994112995343115,0.914878649314104,0.924455375966268,0.994112995343115,0.914878649314104,0.924455375966268,0.78262690058423,0.384602137857867,0.398457385268029,0.994112995343115,0.914878649314104,0.924455375966268
40,Decision_Trees,0.9131447148756,0.903622933520928,0.911103302881236,0.871942344059552,0.8578741005969,0.868722509421234,0.421777306270407,0.3164572554816457,0.3178280321137464,0.9131447148756,0.903622933520928,0.911103302881236,0.9131447148756,0.903622933520928,0.911103302881236,0.3944490779353164,0.333333333333333,0.333333333333333,0.9131447148756,0.903622933520928,0.911103302881236
41,Decision_Trees,0.913012916263948,0.903271192402391,0.910751932536893,0.871641498471466,0.857698648413137,0.868547172147173,0.398513081871289,0.3163925337275919,0.317763883780801,0.913012916263948,0.903271192402391,0.910751932536893,0.913012916263948,0.903271192402391,0.910751932536893,0.378957773453186,0.3332035811599844,0.333204782105669,0.913012916263948,0.903271192402391,0.910751932536893
42,Decision_Trees,0.9131447148756,0.903622933520928,0.910751932536893,0.872112105634114,0.8578741005969,0.868547172147173,0.415133173209275,0.3164572554816457,0.317763883780801,0.9131447148756,0.903622933520928,0.910751932536893,0.9131447148756,0.903622933520928,0.910751932536893,0.394756782047591,0.333333333333333,0.333204782105669,0.9131447148756,0.903622933520928,0.910751932536893
43,Decision_Trees,0.915033828310341,0.903622933520928,0.906535488404778,0.881863517822659,0.867672892183948,0.86896527204498,0.3561849382060177,0.351444596621665,0.3268082293226033,0.915033828310341,0.903622933520928,0.906535488404778,0.915033828310341,0.903622933520928,0.906535488404778,0.352905414640612,0.350865141697005,0.336481295796374,0.915033828310341,0.903622933520928,0.906535488404778
44,Decision_Trees,0.918021263509357,0.904678156876538,0.91391426563598,0.889088083204369,0.871478917903011,0.881225541513117,0.480827914027428,0.3633729754852361,0.3614060885832084,0.918021263509357,0.904678156876538,0.91391426563598,0.918021263509357,0.904678156876538,0.91391426563598,0.4265386626122796,0.3578288263534296,0.356047821056691,0.918021263509357,0.904678156876538,0.91391426563598
45,Decision_Trees,0.926632106141815,0.91206472036581,0.91391426563598,0.908784386575392,0.889887141027973,0.895387198470056,0.442084966811862,0.4175102376838631,0.416891465616638,0.926632106141815,0.91206472036581,0.91391426563598,0.926632106141815,0.91206472036581,0.91391426563598,0.411296587221899,0.39452150069837,0.3958056305437716,0.926632106141815,0.91206472036581,0.91391426563598
46,Decision_Trees,0.920613302873209,0.907492085824832,0.920590302178496,0.89693809395321,0.881173680709686,0.898059964729724,0.405902930282648,0.393627877072002,0.415167081875348,0.920613302873209,0.907492085824832,0.92059030217849,0.920613302873209,0.907492085824832,0.920590302178496,0.3843285687274698,0.3774943901266228,0.391019411235377,0.920613302873209,0.907492085824832,0.920590302178496
47,Decision_Trees,0.921799490378701,0.909602532536053,0.91988756148981,0.90762592912614,0.892721337308921,0.906336052066473,0.4465654215191743,0.431978884220048,0.4491289198606271,0.921799490378701,0.909602532536053,0.91988756148981,0.921799490378701,0.909602532536053,0.91988756148981,0.419993840030558,0.408953567803143,0.423291425633114,0.921799490378701,0.909602532536053,0.91988756148981
48,Naive_Bayes,0.912134258852473,0.903271192402391,0.9100491918482,0.871082521122444,0.857857187904526,0.868196304070052,0.3874570380924657,0.316451016635859,0.317635516311013,0.912134258852473,0.903271192402391,0.9100491918482,0.912134258852473,0.903271192402391,0.9100491918482,0.4087540142983399,0.3332035811599844,0.3329476796503406,0.912134258852473,0.903271192402391,0.9100491918482
49,Naive_Bayes,0.913056849134522,0.903622933520928,0.911103302881236,0.871766008192413,0.8578741005969,0.868722509421234,0.3747541413502029,0.3164572554816457,0.3178280321137464,0.913056849134522,0.903622933520928,0.911103302881236,0.913056849134522,0.903622933520928,0.911103302881236,0.3641460476322861,0.333333333333333,0.333333333333333,0.913056849134522,0.903622933520928,0.911103302881236
50,Naive_Bayes,0.460855812318776,0.4628913119943721,0.463106113843991,0.562274768638218,0.55875867534776,0.561450389326957,0.277094245259911,0.2816934594824749,0.2830932831538089,0.460855812318776,0.4628913119943721,0.463106113843991,0.460855812318776,0.4628913119943721,0.463106113843991,0.527226029320252,0.565204283348216,0.535826884346745,0.460855812318776,0.4628913119943721,0.463106113843991
51,Naive_Bayes,0.900140585185836,0.890608512135068,0.895291637385804,0.867092404664967,0.856504938453343,0.86492366761425,0.3617468326523846,0.33049076430656,0.3299750776213747,0.900140585185836,0.890608512135068,0.895291637385804,0.900140585185836,0.890608512135068,0.895291637385804,0.619963446935076,0.3362026690785306,0.334777220722457,0.900140585185836,0.890608512135068,0.895291637385804
52,Naive_Bayes,0.83213250153765,0.831516004220893,0.827125790583274,0.861164225844049,0.857070353307705,0.857186796780959,0.545169631464719,0.4512908596627007,0.4857824950965466,0.83213250153765,0.831516004220893,0.827125790583274,0.83213250153765,0.831516004220893,0.827125790583274,0.78840558042316,0.522594528274525,0.641295967776492,0.83213250153765,0.831516004220893,0.827125790583274
53,Naive_Bayes,0.920481504261488,0.909250791417516,0.921644413211524,0.898095042813377,0.885225036092576,0.902128174951121,0.4107649305788159,0.405338997168082,0.42922385855084,0.920481504261488,0.909250791417516,0.92164441321152,0.920481504261488,0.909250791417516,0.921644413211524,0.388126742303398,0.385813317152474,0.4022481038693919,0.920481504261488,0.909250791417516,0.921644413211524
54,Naive_Bayes,0.827124154292241,0.824481181850158,0.829234012649332,0.859742405140967,0.855707263131498,0.860991471091162,0.4867801921079603,0.4596776282115575,0.4572010258524528,0.827124154292241,0.824481181850158,0.829234012649332,0.827124154292241,0.824481181850158,0.829234012649332,0.826694199655279,0.5408185072394,0.543132536315721,0.827124154292241,0.824481181850158,0.829234012649332
55,Naive_Bayes,0.923688603813373,0.911361238128737,0.925158116654954,0.902079369802026,0.88750934834045,0.906833147945327,0.420735674412249,0.4100826516682296,0.4412967141088059,0.923688603813373,0.911361238128737,0.925158116654954,0.923688603813373,0.911361238128737,0.925158116654954,0.394528822681482,0.3887833062380265,0.410762308780048,0.923688603813373,0.911361238128737,0.925158116654954
56,XGBoost,0.915429224145505,0.905029897995075,0.91391426563598,0.878203649350452,0.863208266816693,0.876677406691981,0.442406355235418,0.333221300577756,0.3437304102426328,0.915429224145505,0.905029897995075,0.91391426563598,0.915429224145505,0.905029897995075,0.91391426563598,0.404822121092682,0.341522508185835,0.3464095642113382,0.915429224145505,0.905029897995075,0.91391426563598
57,XGBoost,0.920481504261488,0.90995427365459,0.919184820801124,0.890539883873172,0.87636104921671,0.888239158466389,0.539818863065398,0.372296680362616,0.37933575430273,0.920481504261488,0.90995427365459,0.919184820801124,0.920481504261488,0.90995427365459,0.919184820801124,0.4720742060721449,0.3630623230218517,0.3664095642113382,0.920481504261488,0.90995427365459,0.919184820801124
58,XGBoost,0.923820402425094,0.91171297924727,0.91988756148981,0.897411261443493,0.880483327314729,0.892543304536443,0.561012768880882,0.384213952139323,0.3948554192783632,0.923820402425094,0.91171297924727,0.91988756148981,0.923820402425094,0.91171297924727,0.91988756148981,0.485140052691653,0.370285512024973,0.376304923512019,0.923820402425094,0.91171297924727,0.91988756148981
59,XGBoost,0.928081890870749,0.912416461484347,0.918482080112438,0.906010858570172,0.88545142845906,0.890660704920627,0.507401121630497,0.40091384071359,0.390026512725641,0.928081890870749,0.912416461484347,0.918482080112438,0.928081890870749,0.912416461484347,0.918482080112438,0.442924169730751,0.3815023965989665,0.3733811543900244,0.928081890870749,0.912416461484347,0.918482080112438
60,XGBoost,0.934056761268781,0.916637354906788,0.926212227687983,0.920210735044506,0.898386231774197,0.90893082254732,0.633112249535732,0.4406564176867704,0.4476221804685946,0.934056761268781,0.916637354906788,0.926212227687983,0.934056761268781,0.916637354906788,0.926212227687983,0.541187679715021,0.4126443492928506,0.41596709088571,0.934056761268781,0.916637354906788,0.926212227687983
61,XGBoost,0.932475177928125,0.917340837143862,0.924104005621925,0.916653602667436,0.89665404391235,0.90665421867482,0.564098597728276,0.4331878806459825,0.44253125928685,0.932475177928125,0.917340837143862,0.924104005621925,0.932475177928125,0.917340837143862,0.924104005621925,0.4858187527334764,0.405233687480441,0.412786219308394,0.932475177928125,0.917340837143862,0.924104005621925
62,XGBoost,0.93976803444337,0.92507914175167,0.929725931131412,0.929413880087789,0.912042626393185,0.918274038718544,0.65937351007331,0.476075452089523,0.478075864522163,0.93976803444337,0.92507914175167,0.929725931131412,0.93976803444337,0.92507914175167,0.929725931131412,0.56558176704706,0.4431518520214625,0.4461673736984188,0.93976803444337,0.92507914175167,0.929725931131412
63,XGBoost,0.936165539056321,0.921209989447766,0.931131412508784,0.922336863454097,0.904096410149009,0.916388750044291,0.65435118002179,0.453685710584272,0.4679676878127802,0.936165539056321,0.921209989447766,0.931131412508784,0.936165539056321,0.921209989447766,0.931131412508784,0.558631718058899,0.422001293705493,0.432224193341046,0.936165539056321,0.921209989447766,0.931131412508784
64,MLP,0.921843423249275,0.91171297924727,0.918833450456781,0.899964535197613,0.887763530676388,0.898981487946505,0.533413877444498,0.410416106799568,0.421995284059101,0.921843423249275,0.91171297924727,0.918833450456781,0.921843423249275,0.91171297924727,0.918833450456781,0.46614765057304,0.388913058411375,0.39760534773107,0.921843423249275,0.91171297924727,0.918833450456781
65,MLP,0.937395659432387,0.91593387266971,0.925509486999297,0.927262155484446,0.901333083068259,0.913886206174519,0.637357905210253,0.452605816557794,0.468571234540283,0.937395659432387,0.91593387266971,0.925509486999297,0.937395659432387,0.91593387266971,0.925509486999297,0.549118437441125,0.4255337012189071,0.439805630543771,0.937395659432387,0.91593387266971,0.925509486999297
66,MLP,0.929619541340831,0.918044319380935,0.927617709065354,0.917187980997813,0.90484380166582,0.915832687949033,0.525188044168335,0.461830827480887,0.4723377115034048,0.929619541340831,0.918044319380935,0.927617709065354,0.929619541340831,0.918044319380935,0.927617709065354,0.467890166936706,0.4339823804181072,0.4417817200154261,0.929619541340831,0.918044319380935,0.927617709065354
67,MLP,0.942140409454353,0.920506507210692,0.92832044975404,0.933991046724484,0.90854332030754,0.91870683814117,0.514285915913333,0.4711475659403528,0.482476135857858,0.942140409454353,0.920506507210692,0.92832044975404,0.942140409454353,0.920506507210692,0.92832044975404,0.4781927466016406,0.442560811790656,0.454086643527445,0.942140409454353,0.920506507210692,0.92832044975404
68,MLP,0.944820314559353,0.924375659514597,0.930077301475755,0.937493499171137,0.91376046115163,0.919932461111372,0.523333989095581,0.483603690180195,0.484023850664991,0.944820314559353,0.924375659514597,0.930077301475755,0.944820314559353,0.924375659514597,0.930077301475755,0.4871716526801607,0.45384972790206,0.453524617560097,0.944820314559353,0.924375659514597,0.930077301475755
69,MLP,0.940998154819435,0.922616953921913,0.926212227687983,0.932005052881391,0.91049730789597,0.914451570005218,0.508425240153977,0.474662672751688,0.469493915443482,0.940998154819435,0.922616953921913,0.926212227687983,0.940998154819435,0.922616953921913,0.926212227687983,0.4713138524054445,0.444435062853479,0.4400627329991,0.940998154819435,0.922616953921913,0.926212227687983
70,MLP,0.936956330726649,0.924375659514597,0.933239634574841,0.928379548178816,0.913095888754495,0.924259693474862,0.501524834639027,0.4811574257181658,0.4952921802594361,0.936956330726649,0.924375659514597,0.933239634574841,0.936956330726649,0.924375659514597,0.933239634574841,0.468914820024983,0.450562513833871,0.464319835454428,0.936956330726649,0.924375659514597,0.933239634574841
71,MLP,0.949037870134434,0.925782623988744,0.933942375263527,0.943667912040109,0.917779918195022,0.92621715188508,0.540295348444683,0.4959857372752229,0.50179242764647,0.949037870134434,0.925782623988744,0.933942375263527,0.949037870134434,0.925782623988744,0.933942375263527,0.50794325017767,0.469709068913669,0.4730104126494407,0.949037870134434,0.925782623988744,0.933942375263527
72,AdaBoost,0.865126087338546,0.851916989096025,0.86015460295151,0.863456617590627,0.848936351566532,0.857453674188835,0.585085484741321,0.3724264779887495,0.368581455755118,0.865126087338546,0.851916989096025,0.86015460295151,0.865126087338546,0.851916989096025,0.86015460295151,0.541326595241242,0.371238141032979,0.367703817971461,0.865126087338546,0.851916989096025,0.86015460295151
73,AdaBoost,0.815218346366751,0.803024973619416,0.805692199578355,0.83925363327443,0.824178253556673,0.831715221544706,0.659517681969186,0.3748730986872886,0.381015980091801,0.815218346366751,0.803024973619416,0.805692199578355,0.815218346366751,0.803024973619416,0.805692199578355,0.665455465284324,0.391553419733015,0.4080174829669623,0.815218346366751,0.803024973619416,0.805692199578355
74,AdaBoost,0.824268517704946,0.819556806190643,0.8253689388615,0.847237635218063,0.84022679075209,0.847845611142241,0.645482879695559,0.4051934627965,0.4060060812966,0.824268517704946,0.819556806190643,0.8253689388615,0.824268517704946,0.819556806190643,0.8253689388615,0.62560363494749,0.433811126630488,0.44051677593521,0.824268517704946,0.819556806190643,0.8253689388615
75,AdaBoost,0.853308145154204,0.834329933169187,0.846802529866479,0.854126718540768,0.833047835475607,0.85033134598525,0.650068139384917,0.3450399351553465,0.3667922577372635,0.853308145154204,0.834329933169187,0.846802529866479,0.853308145154204,0.834329933169187,0.846802529866479,0.66353770671896,0.345027247956403,0.3688427818485666,0.853308145154204,0.834329933169187,0.846802529866479
76,AdaBoost,0.83516386960724,0.833274709813577,0.829585382993675,0.854350158468404,0.848846729513338,0.849083943794546,0.690838154276687,0.41020331728196,0.400957945237735,0.83516386960724,0.833274709813577,0.829585382993675,0.83516386960724,0.833274709813577,0.829585382993675,0.717471848209104,0.4322970332547187,0.4276020053991515,0.83516386960724,0.833274709813577,0.829585382993675
77,AdaBoost,0.819919163518144,0.813225466056982,0.817990161630358,0.843130732518754,0.834914564669329,0.841773647685028,0.659620918344146,0.3972026619050113,0.396506853361692,0.819919163518144,0.813225466056982,0.817990161630358,0.819919163518144,0.813225466056982,0.817990161630358,0.643362865738596,0.423805421351101,0.4281789433089085,0.819919163518144,0.813225466056982,0.817990161630358
78,AdaBoost,0.88256743695633,0.87302145620823,0.879479971890372,0.882379287692381,0.872590488498064,0.878827143681832,0.684764019216041,0.42287946453892,0.41727718135694,0.88256743695633,0.87302145620823,0.879479971890372,0.88256743695633,0.87302145620823,0.879479971890372,0.660297367266453,0.422852792343095,0.4169415091914127,0.88256743695633,0.87302145620823,0.879479971890372
79,AdaBoost,0.890519286530181,0.891311994372142,0.895291637385804,0.88281593315001,0.881080287406448,0.886987781361916,0.653737147176323,0.42107496079929,0.4188100399180318,0.890519286530181,0.891311994372142,0.895291637385804,0.890519286530181,0.891311994372142,0.895291637385804,0.622987721833448,0.4087808829253772,0.408268929168273,0.890519286530181,0.891311994372142,0.895291637385804
80,KNN,0.94244793954837,0.889553288779458,0.894237526352775,0.93790460288998,0.881615362839766,0.887702091661891,0.6310179638243,0.426245821246926,0.42381361342276,0.94244793954837,0.889553288779458,0.894237526352775,0.94244793954837,0.889553288779458,0.894237526352775,0.564540228410182,0.415802288217739,0.4151119681192955,0.94244793954837,0.889553288779458,0.894237526352775
81,KNN,0.936253404797469,0.870559268378473,0.871398453970484,0.934917313056419,0.87186979922199,0.875421807493692,0.631096040474629,0.424869893312516,0.4201228367399378,0.936253404797469,0.870559268378473,0.871398453970484,0.936253404797469,0.870559268378473,0.871398453970484,0.582894396039651,0.4274232172433005,0.427237434117495,0.936253404797469,0.870559268378473,0.871398453970484
82,KNN,0.93577014322115,0.855082659162856,0.877723120168657,0.937469819420465,0.86467797990727,0.887044218633721,0.663544400087582,0.427848864624724,0.4562120692071058,0.93577014322115,0.855082659162856,0.877723120168657,0.93577014322115,0.855082659162856,0.877723120168657,0.629546923445462,0.444724620093268,0.4825617688648926,0.93577014322115,0.855082659162856,0.877723120168657
83,KNN,0.934188559880502,0.904678156876538,0.908643710470836,0.922176141863995,0.884261967864566,0.889247031358518,0.587918747927896,0.409514573459155,0.402387086292531,0.934188559880502,0.904678156876538,0.908643710470836,0.934188559880502,0.904678156876538,0.908643710470836,0.520195985826093,0.390700967035315,0.3854438873891245,0.934188559880502,0.904678156876538,0.908643710470836
84,KNN,0.950795184957385,0.905381639113612,0.911103302881236,0.948638237331438,0.903015287349744,0.91053068743763,0.658450653285702,0.4778226054647,0.483418587683553,0.950795184957385,0.905381639113612,0.911103302881236,0.950795184957385,0.905381639113612,0.911103302881236,0.600820368278185,0.472045085063998,0.4827263144363029,0.950795184957385,0.905381639113612,0.911103302881236
85,KNN,0.950531587733942,0.906436862469222,0.912508784258608,0.948187679368307,0.90313826907026,0.911461032993189,0.6571130581538,0.476307975027078,0.484368690955837,0.950531587733942,0.906436862469222,0.912508784258608,0.950531587733942,0.906436862469222,0.912508784258608,0.598262479724965,0.468051389493126,0.48203573724129,0.950531587733942,0.906436862469222,0.912508784258608
86,KNN,0.951454178015991,0.905733380232149,0.917076598735066,0.950570360479811,0.905553000171361,0.91722531337943,0.681544343025788,0.4868867130447512,0.498893280032769,0.951454178015991,0.905733380232149,0.917076598735066,0.951454178015991,0.905733380232149,0.917076598735066,0.63219709379638,0.48751516955556,0.501778634785962,0.951454178015991,0.905733380232149,0.917076598735066
87,KNN,0.95136631227484,0.905029897995075,0.917779339423752,0.950410138481227,0.904541172197772,0.917780872078567,0.681053720223148,0.4843421012973257,0.4997407959733168,0.95136631227484,0.905029897995075,0.917779339423752,0.95136631227484,0.905029897995075,0.917779339423752,0.631088044185083,0.4839684511406742,0.50203573724129,0.95136631227484,0.905029897995075,0.917779339423752
88,K_Means,0.1815306212107899,0.1762223003869152,0.1865776528460997,0.2475163580863224,0.2427787039883641,0.2557714768591302,0.14738808222297,0.1428363149208295,0.1501652255535209,0.181530621210789,0.1762223003869152,0.1865776528460997,0.1815306212107899,0.1762223003869152,0.1865776528460997,0.3261843060394986,0.210738995870827,0.2345206324720401,0.1815306212107899,0.1762223003869152,0.1865776528460997
89,K_Means,0.0913803707934276,0.0967288075976081,0.0899508081517919,0.1308724825396688,0.1332556971662729,0.1304442511377915,0.0942532710050201,0.1060038810123093,0.0923042520221168,0.0913803707934276,0.0967288075976081,0.0899508081517919,0.0913803707934276,0.0967288075976081,0.0899508081517919,0.356404398238518,0.3096010883917,0.3440281098684492,0.0913803707934276,0.0967288075976081,0.0899508081517919
90,K_Means,0.60170459537826,0.599366865986633,0.594869992972593,0.695903371913068,0.68950951432636,0.688255794197219,0.25920930434798,0.259156257072405,0.2548863443654046,0.60170459537826,0.599366865986633,0.594869992972593,0.60170459537826,0.599366865986633,0.594869992972593,0.359631277420117,0.390921831948038,0.440807130308094,0.60170459537826,0.599366865986633,0.594869992972593
91,K_Means,0.1390475353659608,0.1382342595849454,0.1503865073787772,0.2283108891093989,0.2253083062067615,0.2422066897019519,0.137830093046287,0.1454866543665983,0.1559680186005057,0.1390475353659608,0.1382342595849454,0.1503865073787772,0.1390475353659608,0.1382342595849454,0.1503865073787772,0.3637723355645716,0.281082323937749,0.459049749325106,0.1390475353659608,0.1382342595849454,0.1503865073787772
92,K_Means,0.1815306212107899,0.179036229335209,0.1858749121574139,0.274773428108364,0.2693504430831993,0.2776655258704276,0.1401155696925342,0.1418194262291811,0.146097167336105,0.181530621210789,0.179036229335209,0.1858749121574139,0.1815306212107899,0.1790362293352092,0.1858749121574139,0.2778948214787639,0.3070909562735175,0.485286026481552,0.1815306212107899,0.179036229335209,0.1858749121574139
93,K_Means,0.2549863808101221,0.256067534294759,0.2631763879128601,0.359893600070476,0.3559307894103862,0.368742567896931,0.1623679192874638,0.1645187837214041,0.1658494649156612,0.2549863808101221,0.256067534294759,0.2631763879128601,0.2549863808101221,0.256067534294759,0.2631763879128601,0.34071944514711,0.2095120745846022,0.2095343874534001,0.2549863808101221,0.256067534294759,0.2631763879128601
94,K_Means,0.2627624989016782,0.265564544495251,0.2687983134223471,0.374794899027836,0.3751341583679163,0.3811479539326377,0.1638402672083666,0.1654306006397745,0.1648310683882908,0.2627624989016782,0.265564544495251,0.2687983134223471,0.2627624989016782,0.265564544495251,0.2687983134223471,0.339001396326937,0.1867176707195139,0.187495564982645,0.2627624989016782,0.265564544495251,0.2687983134223471
95,K_Means,0.262718566031104,0.265564544495251,0.2687983134223471,0.37483327088183,0.3751341583679163,0.38115639588162,0.163793067629168,0.1654306006397745,0.1648631027707069,0.262718566031104,0.265564544495251,0.2687983134223471,0.262718566031104,0.265564544495251,0.2687983134223471,0.3386776496054923,0.1867176707195139,0.187495564982645,0.262718566031104,0.265564544495251,0.2687983134223471
96,Quadratic_Discriminant_Analysis,0.753975924786925,0.754484699261343,0.74771609276177,0.804412005499773,0.800911824784294,0.798323442387787,0.674421672583198,0.4031768601246939,0.389618333595017,0.753975924786925,0.754484699261343,0.74771609276177,0.753975924786925,0.754484699261343,0.74771609276177,0.77444381406847,0.4941788023111151,0.4795747525388867,0.753975924786925,0.754484699261343,0.74771609276177
97,Quadratic_Discriminant_Analysis,0.719225024163078,0.707351389377418,0.704146170063246,0.780155842996189,0.766237552996014,0.76697199494496,0.513505430555219,0.383111690368815,0.3761806419598127,0.719225024163078,0.707351389377418,0.704146170063246,0.719225024163078,0.707351389377418,0.704146170063246,0.618321659603414,0.492132343400575,0.4925491708445815,0.719225024163078,0.707351389377418,0.704146170063246
98,Quadratic_Discriminant_Analysis,0.721070204727176,0.705944424903271,0.709768095572733,0.781539457390609,0.765256314626145,0.771090760275833,0.514010237613167,0.381718105089123,0.377249524922028,0.721070204727176,0.705944424903271,0.709768095572733,0.721070204727176,0.705944424903271,0.709768095572733,0.617149224514901,0.48942185866172,0.488582079958863,0.721070204727176,0.705944424903271,0.709768095572733
99,Quadratic_Discriminant_Analysis,0.84280818908707,0.79880408019697,0.78074490513,0.87203933108063,0.828635544367497,0.818492021755778,0.47542431011747,0.4057132258541293,0.385210327962321,0.842808189087074,0.79880408019697,0.78074490513,0.84280818908707,0.79880408019697,0.78074490513,0.604695882661903,0.452453460948412,0.4350338089728757,0.84280818908707,0.79880408019697,0.78074490513
100,Quadratic_Discriminant_Analysis,0.919866444073455,0.907843826943369,0.906886858749121,0.909852079927585,0.893455197363923,0.891668749140006,0.459269830944444,0.437695421863463,0.415286263105491,0.919866444073455,0.907843826943369,0.906886858749121,0.919866444073455,0.907843826943369,0.906886858749121,0.436673247570624,0.415974973095505,0.3980537344131636,0.919866444073455,0.907843826943369,0.906886858749121
101,Quadratic_Discriminant_Analysis,0.886125999472805,0.860710517059444,0.86542515811665,0.902530060668508,0.87761920939037,0.88235861042296,0.50350967316649,0.4696728043971128,0.4650481131161348,0.886125999472805,0.860710517059444,0.86542515811665,0.886125999472805,0.860710517059444,0.86542515811665,0.592512821086444,0.524598054480647,0.521434631700732,0.886125999472805,0.860710517059444,0.86542515811665
102,Quadratic_Discriminant_Analysis,0.880766189262806,0.844530425606753,0.848910751932536,0.889977623801153,0.847694282562034,0.856707906135185,0.45818422098485,0.3813606692337609,0.3893906492133,0.880766189262806,0.844530425606753,0.848910751932536,0.880766189262806,0.844530425606753,0.848910751932536,0.485166964313485,0.3838536777108663,0.3973240776449415,0.880766189262806,0.844530425606753,0.848910751932536
103,Quadratic_Discriminant_Analysis,0.903918812055179,0.879704537460429,0.880534082923401,0.916693342569081,0.89225725358778,0.89441962408543,0.524374017249989,0.4879865896815049,0.48279676942697,0.903918812055179,0.879704537460429,0.880534082923401,0.903918812055179,0.879704537460429,0.880534082923401,0.611625946403556,0.537083361955136,0.539010155546985,0.903918812055179,0.879704537460429,0.880534082923401
104,ExtraTrees_Classifier,0.946182233547139,0.907492085824832,0.914265635980323,0.93493486695115,0.868841775347091,0.879831990758791,0.755171036764783,0.3493789905429543,0.3553586809400763,0.946182233547139,0.907492085824832,0.914265635980323,0.946182233547139,0.907492085824832,0.914265635980323,0.657198302678569,0.3501009395583846,0.352562025967348,0.946182233547139,0.907492085824832,0.914265635980323
105,ExtraTrees_Classifier,0.979351550830331,0.91030601477312,0.914265635980323,0.978098231656862,0.876074008504981,0.881483942457689,0.877816961692171,0.370699028091594,0.361783262101395,0.979351550830331,0.91030601477312,0.914265635980323,0.979351550830331,0.91030601477312,0.914265635980323,0.800911951640359,0.362096337172471,0.3561763722843553,0.979351550830331,0.91030601477312,0.914265635980323
106,ExtraTrees_Classifier,0.979263685089183,0.9110094970102,0.915319747013352,0.97799277531384,0.877045445478601,0.883732372604639,0.877557889212378,0.373037714193549,0.368660754576701,0.979263685089183,0.9110094970102,0.915319747013352,0.979263685089183,0.9110094970102,0.915319747013352,0.8004183102536,0.363451579541898,0.3601763722843553,0.979263685089183,0.9110094970102,0.915319747013352
107,ExtraTrees_Classifier,0.96498550215271,0.909602532536053,0.912508784258608,0.960784192762987,0.872953557626195,0.877046848788477,0.658013346659771,0.3606735955873026,0.347646483907786,0.96498550215271,0.909602532536053,0.912508784258608,0.96498550215271,0.909602532536053,0.912508784258608,0.580097014568107,0.356358142712125,0.348304923512019,0.96498550215271,0.909602532536053,0.912508784258608
108,ExtraTrees_Classifier,0.997276162024426,0.916285613788251,0.920590302178496,0.997246836154309,0.88989735353111,0.895304004977907,0.9518600370966,0.41055135336492,0.404368019324874,0.997276162024426,0.916285613788251,0.92059030217849,0.997276162024426,0.916285613788251,0.920590302178496,0.914866132432171,0.3873126225967226,0.3825859364956935,0.997276162024426,0.916285613788251,0.920590302178496
109,ExtraTrees_Classifier,0.992004217555575,0.91171297924727,0.915319747013352,0.991829064726767,0.878523632965476,0.883732372604639,0.949382420182165,0.3771907389586756,0.368660754576701,0.992004217555575,0.91171297924727,0.915319747013352,0.992004217555575,0.91171297924727,0.915319747013352,0.90930654102534,0.3659025599340553,0.3601763722843553,0.992004217555575,0.91171297924727,0.915319747013352
110,ExtraTrees_Classifier,0.997320094895,0.91593387266971,0.924455375966268,0.997290749104853,0.889640406470456,0.90328518923482,0.951952923314434,0.410204944914739,0.428626198083067,0.997320094895,0.91593387266971,0.924455375966268,0.997320094895,0.91593387266971,0.924455375966268,0.914882175041341,0.3871828704233737,0.399662167373698,0.997320094895,0.91593387266971,0.924455375966268
111,ExtraTrees_Classifier,0.992751076355329,0.9110094970102,0.914968376669009,0.9926037024897,0.877045445478601,0.882987071165598,0.941784814556806,0.373037714193549,0.366384304755825,0.992751076355329,0.9110094970102,0.914968376669,0.992751076355329,0.9110094970102,0.914968376669009,0.89721312984936,0.363451579541898,0.35884303895102,0.992751076355329,0.9110094970102,0.914968376669009
112,Logistic_Regression,0.912881117652227,0.903622933520928,0.911103302881236,0.871349495588858,0.8578741005969,0.868722509421234,0.318491158529069,0.3164572554816457,0.3178280321137464,0.912881117652227,0.903622933520928,0.911103302881236,0.912881117652227,0.903622933520928,0.911103302881236,0.33350322799864,0.333333333333333,0.333333333333333,0.912881117652227,0.903622933520928,0.911103302881236
113,Logistic_Regression,0.914286969510587,0.906436862469222,0.912508784258608,0.878859049723296,0.869355091950424,0.875274188101925,0.3456376323102799,0.352913046676966,0.340761066890099,0.914286969510587,0.906436862469222,0.912508784258608,0.914286969510587,0.906436862469222,0.912508784258608,0.347094016263771,0.351903159083797,0.3446905771950121,0.914286969510587,0.906436862469222,0.912508784258608
114,Logistic_Regression,0.91424303664001,0.906436862469222,0.91040056219255,0.879198982514294,0.869911214315029,0.874086003754434,0.347062306051992,0.3549022197743591,0.339870004715917,0.91424303664001,0.906436862469222,0.91040056219255,0.91424303664001,0.906436862469222,0.91040056219255,0.347847233935289,0.3529988971065265,0.343919269829026,0.91424303664001,0.906436862469222,0.91040056219255
115,Logistic_Regression,0.935814076091731,0.916285613788251,0.922698524244553,0.92608626429464,0.905157878871098,0.911643752193956,0.494412874220802,0.4660496927087,0.4649618355500708,0.935814076091731,0.916285613788251,0.922698524244553,0.935814076091731,0.916285613788251,0.922698524244553,0.460497405267411,0.4410037857104694,0.438777220722457,0.935814076091731,0.916285613788251,0.922698524244553
116,Logistic_Regression,0.928872682541077,0.917692578262398,0.924806746310611,0.915311760806543,0.901310339224837,0.911277516845095,0.464112240397693,0.4495119560401652,0.4595175115094549,0.928872682541077,0.917692578262398,0.924806746310611,0.928872682541077,0.917692578262398,0.924806746310611,0.431961675531312,0.420703771972004,0.42991027124309,0.928872682541077,0.917692578262398,0.924806746310611
117,Logistic_Regression,0.927203233459274,0.916285613788251,0.925158116654954,0.913905159890569,0.901335006611148,0.912346797686368,0.4616165129049049,0.452008226740745,0.46310591885038,0.927203233459274,0.916285613788251,0.925158116654954,0.927203233459274,0.916285613788251,0.925158116654954,0.4310443522705786,0.424567715369526,0.433653168787761,0.927203233459274,0.916285613788251,0.925158116654954
118,Logistic_Regression,0.935286881644846,0.92402391839606,0.931131412508784,0.926110131181853,0.913686736060387,0.921669688970863,0.4955325387825912,0.483947321491296,0.4889583030185445,0.935286881644846,0.92402391839606,0.931131412508784,0.935286881644846,0.92402391839606,0.931131412508784,0.4630742309678481,0.45481571375144,0.458729399665766,0.935286881644846,0.92402391839606,0.931131412508784
119,Logistic_Regression,0.933617432563043,0.923672177277523,0.931131412508784,0.924053598355745,0.91296052875692,0.921242293043789,0.490407719959821,0.4818859779347713,0.487249351955234,0.933617432563043,0.923672177277523,0.931131412508784,0.933617432563043,0.923672177277523,0.931131412508784,0.4586183104159509,0.4524944855326326,0.456319835454428,0.933617432563043,0.923672177277523,0.931131412508784
